{"aa": 0.050413477706877714, "a": 0.038109296810170556, "ac": 0.03778780590028395, "gt": 0.05791465173781827, "g": 0.0, "ag": 0.06683223729058907, "cc": 0.035905148399194085, "tt": 0.062257303819009034, "cg": 0.016024891139138235, "c": 0.0, "t": 0.11290558771399764, "gg": 0.05662616330055024, "gc": 0.04662628112444391, "at": 0.06043608306247864, "ga": 0.05776737187072362, "tg": 0.07635577429654927, "ca": 0.05815450752137241, "ct": 0.06250894199193074, "tc": 0.052914710649765107, "ta": 0.050459765665107466}