{"a": 0.2523545737246291, "aa": 0.2798263845538068, "ac": 0.16487592077142837, "gt": 0.2465965978520671, "g": 0.210769411488312, "ag": 0.29160271145612243, "cc": 0.23686127099729826, "ca": 0.32467990132738167, "cg": 0.08946787266533537, "c": 0.14366237524143857, "t": 0.17980427078144764, "gg": 0.3089024184849799, "tt": 0.3164350325525418, "gc": 0.19853149334011805, "at": 0.2636949832186424, "ga": 0.24596949032283497, "tg": 0.290402601642671, "ta": 0.19191275790767498, "tc": 0.20124960789711221, "ct": 0.3489909550099847}