{"aa": 0.11062165500205846, "a": 0.3314319667260844, "ac": 0.02295183202964183, "gt": 0.08258542610127624, "g": 0.0, "ag": 0.22752161383285302, "cc": 0.01086867023466447, "tt": 0.012947715109098394, "cg": 0.02270481679703582, "c": 0.0, "t": 0.6685680332739157, "gg": 0.10214079868258542, "gc": 0.035631947303417046, "at": 0.036722931247426926, "ga": 0.1793124742692466, "tg": 0.04985590778097983, "ca": 0.06220666941128036, "ct": 0.018340881020996295, "tc": 0.007883902840675175, "ta": 0.0177027583367641}