{"aa": 0.059380873454562756, "a": 0.2523545737246291, "ac": 0.044509385631696236, "gt": 0.06821633345757631, "g": 0.0, "ag": 0.07872015194651737, "cc": 0.04229184675289658, "tt": 0.07333144325400287, "cg": 0.018875349929022896, "c": 0.0, "t": 0.7476454262753709, "gg": 0.0666986526245668, "gc": 0.05492002188791169, "at": 0.07118626930061778, "ga": 0.06804285589665099, "tg": 0.08993770668612258, "ca": 0.06849885405679755, "ct": 0.07362784205809814, "tc": 0.06232701808924875, "ta": 0.05943539497371071}