{"a": 0.3314319667260844, "aa": 0.3131830264841981, "ac": 0.05488825440582849, "gt": 0.1984370363042833, "g": 0.18371954842543078, "ag": 0.5441075120606478, "cc": 0.1025228126677402, "ca": 0.5407049561638934, "cg": 0.19735194131329398, "c": 0.3694592988710636, "t": 0.11538918597742127, "gg": 0.2850924918389554, "tt": 0.16113527122911422, "gc": 0.08561677712929074, "at": 0.08782120704932558, "ga": 0.4308536947274706, "tg": 0.554360265506981, "ta": 0.19684138246738384, "tc": 0.08766308079652094, "ct": 0.15942028985507245}